Date,SCV,MVOL,XDEM,XDEV,EIMI,IWQU,IWDA,IWDA + EMIM
11/1998,10000,10000,10000,10000,10000,10000,10000,10000
12/1998,10246.202302966427,10413.826357842603,10887.525872990254,10176.648115848027,9630.527796041222,10506.24662318815,10418.458743698351,10323.907029979497
01/1999,10538.402249957127,10630.88676200908,11772.529419870707,10658.97224329499,9441.90472399466,11106.680814229132,10991.193806416786,10805.27911652613
02/1999,10234.186226819862,10622.02520698782,11708.111815955148,10579.888271809923,9879.942174753136,11041.649551310731,11050.766052195471,10910.267186902389
03/1999,10550.958672057068,11088.852935360152,12384.418898756274,11590.730811844067,11495.220266996848,11702.309095500572,11803.134562970741,11766.184847453873
04/1999,11580.25669961544,11704.8135899289,12476.276620880648,12857.821057623934,13117.508072996587,12229.31946278728,12432.654230606808,12514.836691693581
05/1999,11876.904837313956,11687.226209237093,12239.78302834204,12704.430716192033,13151.605753536196,11837.075778381573,12136.110802082005,12257.970196256507
06/1999,12410.252791997435,11908.942412478837,13304.920787557845,13548.380383859781,14679.501128300562,12594.5716539714,12855.835105602751,13074.675028326488
07/1999,11931.87893148978,11647.492936594745,12803.851277404221,13341.95645504853,13836.371059611702,11941.834958381818,12374.783226447931,12550.173766427584
08/1999,11759.874764854369,11619.100697410624,12899.317901228553,13544.568679701813,13914.206752817681,12104.548004615737,12490.390109790651,12661.248106953895
09/1999,11485.33509650052,11466.964696729034,12854.094559514708,13212.99761979772,13239.520033871318,11767.060088770953,12258.810393630703,12376.495550459576
10/1999,11522.01798795705,12065.71308520916,13994.342080951177,14015.529117769836,13811.102862553036,12649.63404764202,13153.811335280117,13232.686318552867
11/1999,12194.406730350243,12498.616069700493,15555.337632024812,15168.720383558932,15713.00444320412,13425.395879727372,13996.726406359086,14202.679770780489
12/1999,12870.621256148956,13133.767936593715,18471.065491445042,16584.051279094514,18296.3275363013,14581.263779325996,15202.369726378907,15559.459240302258
01/2000,12834.149800308383,12798.314289460572,17759.27727971535,15866.016285673915,18848.124808491946,13771.974255921174,14700.719594468439,15171.362484764231
02/2000,13248.32281451954,12488.89767384417,19377.901840563118,15650.870517028998,18955.798332318387,13646.860842455728,14852.982123074578,15319.003987866166
03/2000,13856.901156910702,13516.583076034727,20420.420918694927,16548.298193667924,19264.40676179828,14965.627983476355,16142.874791759692,16504.28534841069
04/2000,14001.707262477374,14004.303702283167,19928.69572340843,17367.280936670522,18115.701573773902,15109.073538051609,16252.094747137913,16477.218082907788
05/2000,13416.435970883063,13555.272384587837,17982.634492482473,16696.418979869715,16740.69299972769,14620.499002229863,15464.843180483174,15625.101617429009
06/2000,13460.839714925289,13445.08976908518,18484.028661014923,16664.167573618957,16814.496749242546,14833.80158533567,15557.906467111914,15716.20752846982
07/2000,14023.723588283949,13712.428916164596,18331.951469176536,16880.66143295854,16531.63170882173,15181.63417050912,15627.430447431136,15747.607727626724
08/2000,15146.484774694778,14596.53408228676,20179.817632504324,18322.082847100904,17331.96660603875,15901.87071994109,16741.725700273524,16829.42505096166
09/2000,15111.265291448928,14942.783952263588,18240.442810300767,17948.45583005389,15858.075239297765,15661.357322260035,16101.734784272814,16098.079398832086
10/2000,15309.317735029434,15554.8676251552,17893.97817121199,18725.249040021932,15185.912361402161,16402.899966451925,16481.782291332143,16364.535716302378
11/2000,14413.806165103299,14894.438688990256,16715.215535473948,17695.176535784998,13504.02312498317,15322.888034484557,15000.386749320602,14859.298295756149
12/2000,14605.28676237608,14241.868588794481,16106.180632100986,17393.335172854604,12754.378467088014,14781.60813766706,14221.37889139406,14081.23365452291
01/2001,15863.242038011265,13810.19395882107,15408.67862237344,18186.902603348262,14500.49988370991,14720.52532662496,14511.581863329806,14564.773903312056
02/2001,15422.512593624764,13584.414531738028,14732.305623806633,17780.520076194964,13484.969439986096,13548.494927267586,13345.79199573697,13414.43404197881
03/2001,15359.97124186622,13582.765278438743,14539.668804938558,17853.209862912772,12792.04922355632,13240.095610088872,13051.946603948989,13066.786775443834
04/2001,16180.886586197665,14041.185201263168,15145.003958666372,18651.417205349637,13253.743533480434,14160.311975824334,13942.414690008844,13903.991949232926
05/2001,17493.6128112516,14824.198692603442,15822.766219420892,19378.17876540796,14018.303179944885,14592.087192264233,14401.009783665222,14404.714830957033
06/2001,17646.91534307707,14487.45682729502,15558.656076402143,19194.28042502423,13761.867075283177,14210.416827252218,13945.38204843979,13973.672973872439
07/2001,16924.203818814392,14086.289769906201,14861.065653422125,18712.187561644772,12466.255110813734,13901.71820254899,13324.481007432192,13261.342359607723
08/2001,16064.230230465313,13290.057588222733,13993.733699013084,17378.167031709745,11787.652614943736,12624.031505071747,12122.616689115723,12124.044647561474
09/2001,13931.194193899957,12612.57198074134,12829.998715061834,15651.875827168422,10001.121307301522,11826.044464807477,11083.466545140498,10982.29404962786
10/2001,14635.160993222398,12626.785234341009,12625.769089558557,15640.848032937904,10650.664739505632,12155.570626111288,11404.436012029353,11347.858383143644
11/2001,15964.279615349156,13220.193513878108,13096.452884009088,17050.56291420551,12020.118571942632,13110.104976295757,12270.943884035312,12284.040450901059
12/2001,17673.94956645688,13412.523363058228,13422.87548881185,17409.64300674043,13170.57010662429,13460.172606576592,12463.879588309295,12595.090473077495
01/2002,18049.60073957015,13316.766059963737,13579.928681858692,17609.99169920352,13882.1103671915,13555.359865592454,12329.19579326665,12563.701835787064
02/2002,18119.42904288884,13497.547142756428,13519.092012321435,17482.35606725063,14056.757083566617,13545.797170837972,12198.92599706742,12470.359829970153
03/2002,19474.90626310486,13794.460617610039,13963.468111923208,18411.701472734094,14843.141261332545,13821.767981365174,12627.681673987941,12944.505584257364
04/2002,19440.558368883838,13329.29350312247,13492.739872169837,18224.706474139402,14469.715992431498,12752.057476273341,11811.777614909783,12179.94877427562
05/2002,18387.31012427901,12963.325526556668,13091.005001862457,17857.002289399945,13588.311237944681,12105.73106178029,11351.807741466098,11666.65238084212
06/2002,16309.84088561336,11767.227340889807,11837.671276348978,15530.672107911112,11812.27382313405,10907.8937117921,10030.751721725763,10285.078340313887
07/2002,14488.981011104948,11138.897942478485,11295.47491355583,14453.090019479747,11175.892411332226,10188.648731506482,9362.959183880817,9618.751202299203
08/2002,14362.113850168227,11197.243666158745,11283.736231699237,14424.411831140835,11283.47734183482,10175.716103839773,9329.696361909573,9602.642334816326
09/2002,12924.792275163973,10276.647219907605,10712.431474722089,12747.979109064923,10031.982371615066,9088.33663650557,8278.203772897707,8522.86444821185
10/2002,13266.916388466992,10537.740845844019,10644.811613418457,12912.429503946962,10643.5164679663,9938.995826994034,8883.191448449723,9130.817174931468
11/2002,14195.785753985589,10668.039451380318,10492.71869652524,13441.315271808407,11281.806872347188,10326.925153008813,9299.899792378801,9576.188510734164
12/2002,12990.034358194984,10097.082231915554,9585.935398685446,12320.09031419048,10330.907933780538,9314.796186351838,8374.02240979792,8640.353832986433
01/2003,12314.867980165072,9488.598399943243,9034.131594479408,11870.85914521584,10023.364096466836,8688.403035778101,7870.477969426816,8152.744386043243
02/2003,11861.397140598845,9360.699833499339,9017.396189110172,11471.745864464905,9760.991971943082,8507.151786628277,7755.805620521123,8022.1100483471555
03/2003,11819.540785693971,9302.268354939939,8942.562215700695,11150.641225354602,9342.318907080795,8433.336305499744,7648.73674496308,7882.445044505395
04/2003,13164.386954842443,9691.876198194559,9334.251020711494,11819.016543095491,9913.271464527294,8995.441938095168,8148.740530938947,8393.676442948017
05/2003,13764.302709077374,9604.814966695198,9186.065045667548,12168.355168523385,10012.170537560865,8882.214843422984,8107.908337899143,8366.750271964147
06/2003,14562.759450430767,10006.337380189527,9588.725835235806,13122.264429180981,10969.68741427608,9227.157192019095,8530.941550670233,8847.60994805353
07/2003,15307.172900787402,10089.606219146757,9813.798513667103,13869.689417152747,11730.666001814052,9415.93248456128,8785.57705078106,9155.858089688169
08/2003,16534.355077822995,10592.930063554511,10302.459174008427,15084.999783345751,12947.309322599798,9923.251838015043,9293.973541851647,9740.463274285874
09/2003,15584.665127742997,10163.783957977588,9763.366536700709,14687.043703235116,12196.565148081425,9259.404724956546,8766.597772792844,9186.115705085847
10/2003,16882.346262183688,10559.051023511265,10351.29722371199,15891.287493954878,13211.371056868395,9806.621331807342,9308.458402276627,9780.485447758738
11/2003,16966.659589460287,10460.690200984243,10143.720065737374,15619.34316816684,13004.28285410828,9615.798235021599,9154.528260240946,9619.909018305632
12/2003,16868.58234347922,10463.21701396178,9957.330205299335,15925.708426954221,13184.173998950751,9636.879026434332,9236.754911912378,9711.915867735082
01/2004,17859.000994924107,10785.491553308731,10267.876835404408,16696.799512254536,13939.287785565622,9906.355221713617,9569.85350032033,10086.975441090173
02/2004,18358.512897877266,10977.16240466848,10439.07831712855,17026.30280552662,14577.623698906898,10049.402280035049,9701.867668690196,10265.718692260743
03/2004,18666.057668516398,11300.632476349481,11009.931626423042,17733.738104186636,15001.699716028827,10072.104960871107,9788.823840069588,10383.775368170798
04/2004,18399.474483368518,11307.833363795953,10885.657165373252,17797.830635542763,14149.08365568769,10214.67935297206,9809.015486226761,10326.760650948256
05/2004,18233.44488997943,11187.529881674329,10769.826865298106,17506.05294484149,13575.239763329999,10081.28511877972,9693.07014977834,10168.601774996238
06/2004,18985.587469620274,11441.01691845599,11144.487718792923,18248.977256453672,13652.592472023814,10289.097571906595,9925.43637746649,10390.345735831741
07/2004,18392.04343014066,11322.841069495787,10781.103630442205,17850.622871639753,13472.479166318002,10145.301242387384,9692.230193058842,10158.702987503395
08/2004,18293.69870786477,11465.195719839183,10852.187981511763,17741.82850520708,13953.655524725737,10169.883708353598,9675.34065307741,10185.798609765512
09/2004,18525.92830419362,11366.737533202338,10932.9918404973,17851.935544717675,14400.764803500042,10136.575058948454,9620.014614500258,10174.326494318359
10/2004,18441.85445824657,11351.252767052716,10842.210875677869,17794.238477887484,14386.594128046627,9974.607662852064,9600.022799252973,10154.581417569116
11/2004,19226.795046935287,11460.001497777454,11147.112910504204,18414.759087245206,15055.094527198,10007.221058451898,9678.638740628723,10286.623115876257
12/2004,19615.72165959198,11609.23006144884,11130.938971936535,18865.999820661622,15451.212284597003,10192.227070288296,9806.001800359949,10438.221541697703
01/2005,20178.415757517574,11843.756189765001,11488.005644931683,19418.373747189216,16177.43259397482,10430.467739064783,10014.503868739335,10692.773297745764
02/2005,20526.255724803177,11994.952336824817,12198.589096596976,19996.52962464138,17288.312762575773,10650.413234719603,10157.060433345214,10917.186570028167
03/2005,20551.491265109948,12127.126866689732,12197.817975513803,20045.018147544484,16546.23991977503,10689.783095912531,10183.30851143973,10880.891936875469
04/2005,19673.6525861849,12137.39058400415,11688.86697865631,19504.812861120856,16098.923965104183,10419.195970668674,9965.106177601838,10640.13560432835
05/2005,21666.94200666701,12869.878003015418,12641.428982306805,20909.477024673415,17493.021730972698,11189.060507455719,10655.380023406697,11400.038921269688
06/2005,22746.587923697043,13297.579305330508,13439.726748626244,21733.708226969015,18458.876647266017,11554.04896775739,10958.230098169164,11762.48047429133
07/2005,23935.008481264656,13611.171798267991,14022.50051061762,22577.418223597284,19693.79489307014,11926.053387264534,11338.254877453406,12219.16290917702
08/2005,23637.89557267306,13536.287638220048,14337.117403028658,23019.512973688,19638.383741789385,11746.28774719856,11323.466148055157,12200.788058163618
09/2005,24024.36027167258,13946.975647214142,15232.545030858597,24361.57184617643,21625.42823957123,12077.455779066362,11766.192570263605,12777.782236919837
10/2005,23067.661131057903,13605.037469653073,14625.81728979537,23543.022153410035,20253.54156512239,11880.343151620988,11496.913772104153,12413.447909107052
11/2005,24433.048018630834,14192.684867717855,15450.417236657544,24686.664025192553,22414.534975699476,12528.719949896982,12134.464467428721,13186.919544835293
12/2005,24758.423050678437,14393.762592340212,16386.270054903565,25371.582911229896,23769.741307176537,12589.942675730865,12371.837457979529,13509.600621537487
01/2006,25810.907033635976,14400.756406150625,17156.317538865915,26257.023807051944,25588.492818578517,12667.644324354063,12579.860732852376,13836.93938636322
02/2006,26483.8182499857,14794.877942563566,17090.849326863492,26780.524392975287,26093.08127235183,12971.692761987115,12816.07647536197,14098.461495403251
03/2006,27008.704699292583,14662.799156990459,17347.82502801345,27041.137267683007,25799.33090437094,12996.664687817252,12847.948895600319,14108.203574541607
04/2006,26723.399267381777,14426.387260550271,17326.799175824202,27326.378385816854,26711.38997410003,12942.27334704264,12778.670047456297,14106.340407177788
05/2006,25049.53342171394,13731.09007169601,15873.350996065261,25725.788455148755,23414.38071855674,12198.846888625312,12022.559711661346,13150.489764077522
06/2006,25227.15766240744,13958.236311590574,15967.793229108029,25967.20931333443,23450.601242762965,12373.455812371076,12163.570035369712,13287.898543589992
07/2006,24683.813631815836,14206.74020737942,15825.326095894996,26336.953806132464,23665.563897298605,12325.458000266233,12185.68490888695,13324.223565238543
08/2006,25160.586427729148,14504.901945969936,15767.742759020768,26997.200149355314,24120.286085053896,12576.806525932954,12418.24069338301,13578.72508701269
09/2006,25925.68082500522,14860.4624569986,15901.028838716713,27777.984950683243,24728.780677159888,12911.764236678135,12753.828608960894,13942.61487602302
10/2006,27189.413453911307,15257.489226275076,16821.30881014317,28753.06072010135,25817.783151360603,13427.453731162908,13182.312165482503,14429.266157979211
11/2006,27350.937640372184,15081.59611599384,16790.117582024686,28567.48043093639,26728.508552022548,13241.914454684811,12987.275246516718,14307.043274876785
12/2006,27936.547122070508,15488.92378637003,17384.968658231424,29560.272679192654,27992.184043145124,13518.790002722671,13279.340582888934,14671.348243245684
01/2007,29116.725706854602,15967.264772399847,17964.711350592435,30455.95994364434,28153.899051898712,13863.47635173938,13657.93173654764,15048.751625430325
02/2007,28721.830755481376,15620.959998055503,17569.55183928554,30051.75443995762,27551.878464762278,13483.613709136182,13320.273174381271,14682.747317104731
03/2007,29174.16001914871,15701.18741942571,17972.68098625732,30573.725291088787,28416.40171315259,13617.136332898084,13452.907890397968,14866.857508575378
04/2007,29620.254903732755,15924.18122960247,18248.8526861061,31614.625117398584,29182.29887369276,14011.97179401614,13747.655835436519,15201.789403323019
05/2007,30997.248920142734,16307.816951994038,19053.800194012787,33026.125294882724,31045.37972717342,14578.824587653095,14290.249313700675,15847.464230426553
06/2007,30241.97507272577,15752.000491139843,18856.35278420774,32857.360235519394,32380.358983640184,14489.483170357898,14123.043195104286,15771.11969404095
07/2007,28289.034604166693,15095.063814237783,18494.729478467543,31333.490524302924,33717.389579277835,13999.671022660994,13604.391227438275,15354.206291058888
08/2007,27904.15191466594,15308.11328581205,18268.693230236782,31205.642884849727,32869.45115155983,14102.883439035257,13593.789439906222,15289.463242129861
09/2007,27160.650521102085,15388.899881657899,19071.47373360124,31471.04681411998,35146.028761487396,14498.933880474066,13761.932299293334,15598.696052363804
10/2007,27394.31984067531,15467.985438623336,19565.24572251052,31753.467313869623,38184.48053756725,14773.55075053258,13918.617932285486,15945.759194182654
11/2007,24847.88025003428,14806.75079932362,18326.363110483693,29434.860677072207,34734.82083832951,13965.862444899414,13063.387071533545,14895.095363560908
12/2007,24433.72290474303,14578.468519261145,18529.64680471074,28954.10858771477,34954.72487082327,13842.471604877743,12927.711761567294,14770.275982861458
01/2008,22882.328386834284,13698.519927283347,16401.710962437952,26281.709556039463,30188.99473631877,12585.047326863889,11817.99074680419,13411.55334707299
02/2008,21954.552214907413,13269.885022422572,16375.799954517142,25801.38955939445,31781.587013874247,12269.843697176173,11517.54009356167,13192.036743778186
03/2008,20959.52147739599,12621.361633920724,15495.043787442888,24534.362678317026,28836.87965616589,11607.202487735956,10939.90585392048,12460.912751965909
04/2008,22137.34499766887,13191.937017357022,16813.268977943815,26178.21424128901,31642.52782580929,12363.901098710365,11714.607466217683,13382.616539419227
05/2008,22795.630225326186,13358.646852208672,17329.0046623821,26635.08281179757,32214.653774867853,12613.36259143513,11915.824337520386,13613.956622585643
06/2008,19784.24393812676,12291.815056956913,16751.488609337997,23836.88874438717,28454.69669408335,11616.123608475433,10785.394431241899,12286.2107257272
07/2008,20032.165336016453,12425.962878406575,15524.26774317859,23336.49291202944,27698.428270113185,11391.222496278455,10623.184845538597,12084.53445180371
08/2008,21909.485455205453,13161.34862082665,16042.100947323901,24358.35913147966,27021.47928533526,11962.625706074752,11094.873724160636,12522.987820092196
09/2008,19877.616071268574,12719.90610195947,13762.933329253427,21340.408902311177,22870.154710591374,11035.150032923028,10068.670181307418,11279.68241641154
10/2008,17014.994940952023,11996.34586525376,13322.581110427114,18926.65694025277,18541.96427853115,10105.254389246416,9146.815429241698,10131.978340569502
11/2008,15522.833266929436,11604.702165325552,12423.485733286603,17919.928664176277,17216.48469968102,9646.674364435574,8573.394862487487,9488.40579308941
12/2008,15160.608366911842,10810.144078866953,11689.763413436445,17400.071725856076,17056.139814397975,9063.10629381916,8090.425874568885,9007.428464471397
01/2009,14890.740883801718,10892.835752207346,11577.998598076148,17021.80839645867,17327.67376494783,9057.83506581905,8014.455269219086,8951.39704694087
02/2009,13229.847618118476,9947.732002379043,10516.465061798915,15098.725695290295,16606.556380061804,8291.406239879332,7290.630376126505,8198.758862444152
03/2009,14168.98641559824,9802.975499720016,10531.88210868019,15589.598386613205,18039.084549865427,8494.052703295942,7447.996897608338,8446.761156064815
04/2009,18531.359880780496,10527.68113909976,11003.064133047641,18272.44203917423,21207.099995170265,9333.181904745592,8302.858738280574,9488.843892001367
05/2009,19363.123541279354,10592.89657063527,10910.60772798492,19391.61690677048,23518.982313153545,9575.353314813796,8525.150336195567,9858.233895377149
06/2009,19189.653829658793,10700.26845510744,10774.562963642524,19224.623643985473,23170.142724039808,9601.106220720438,8463.652921947281,9775.269924810935
07/2009,21344.68012752833,11427.727615391996,11651.425027005182,21026.957206421717,25803.325282021106,10325.808937146241,9176.490637285513,10643.661521038528
08/2009,23228.987105660028,11633.583851988209,11762.533666392383,22445.396035223806,25511.394496253793,10494.010643892678,9463.823707052352,10904.19403998121
09/2009,24347.024799624218,11760.640356659285,11970.01290663166,22848.540501082112,27089.26929174736,10606.24678423221,9590.123341381795,11131.552153377135
10/2009,22474.64191380552,11316.121667475572,11690.45716338358,21803.70686274761,26847.774614623577,10483.077701932423,9317.982932923473,10850.53808079656
11/2009,22643.1859698747,11618.167084066305,12001.143277943382,22134.50883130404,27594.489742644953,10791.571448368226,9553.221507694223,11129.025386333817
12/2009,24906.452835022257,12122.62087842033,12865.42305907392,23658.948908128885,29996.69750441446,11470.55817705087,10139.683345790587,11846.49925637058
01/2010,25165.992909589993,12195.749649808475,12402.83310363451,23413.55934501384,29281.92096712736,11341.864204097328,10025.158176900444,11694.50024594295
02/2010,26429.30579225378,12728.582958473206,13114.24160149016,24240.738151678535,30233.509895117386,11830.026145163565,10461.488106221763,12187.86028222114
03/2010,28876.89750119573,13239.553569831776,14143.371491174883,26080.692470118756,32918.25822653936,12566.505845708954,11182.631490493706,13057.077786722686
04/2010,30714.335519274813,13359.392529123656,14498.422257662547,26033.15837908845,33773.77490758751,12697.113375962883,11320.09175884301,13239.400214571768
05/2010,29764.457151528564,13552.176868148219,14257.453553212306,25222.832720088307,33247.883174997776,12421.909009876439,11072.23026836716,12959.852080899052
06/2010,27855.688395408313,13662.627188020886,13748.386151820514,24174.874362393883,33186.23979987885,12173.618453058973,10722.129267818487,12597.960602142497
07/2010,28544.245840631615,13454.90936076687,13978.090116832025,24978.8049327957,33810.469339643365,12334.004282856957,10916.091896767277,12827.013222792477
08/2010,27418.76599721385,13866.368515980912,13711.927776012855,24494.256820951916,34155.04193866863,12301.79283791576,10795.123812350817,12719.678252096026
09/2010,28533.532051216294,13623.520020474381,14221.820948215185,25129.573609562416,35294.21915993682,12521.116727579289,10962.873725452953,12946.780533314248
10/2010,29330.664060724474,13771.547178016332,14633.652981663512,25805.821922446223,35824.489339559,12853.922999878721,11198.18156997649,13213.671124042712
11/2010,31296.18444769779,14349.9617748521,15664.51375904994,26189.73112249683,37200.26813363461,13442.765819334509,11678.629623511131,13772.788522091138
12/2010,33420.6009830711,14599.307209419234,16065.738685888933,27630.059967434066,38707.93974344483,13888.603481268769,12193.824216473718,14374.439118094719
01/2011,33116.889008155646,14198.962201668302,15791.988474233562,28306.312089120063,36720.83040275132,13769.171103381192,12166.741183982498,14258.049058650202
02/2011,34128.15331337566,14450.668415686823,16199.602243391073,29016.72604467458,35869.98434931282,14052.392416779014,12461.447012087645,14526.092648559772
03/2011,33619.56994171659,14116.231585429938,15965.89920027938,27704.744015521184,36925.18487688825,13717.123798809838,12012.533772797564,14107.092042710156
04/2011,33298.5515972836,14077.741354236588,16058.695890058785,27767.76885922366,36447.8994004609,13771.985622015942,11970.556402984603,14042.323175298683
05/2011,33508.233085907195,14657.835238840418,16303.143167728442,27816.589069975034,36635.49239001925,13993.686396407964,12107.302231330266,14192.572055931412
06/2011,32444.198623735523,14437.01514644656,16083.14171606404,27279.699881108198,35868.534117884745,13752.127059245782,11857.687655897695,13899.448201381512
07/2011,31541.683974372732,14480.185112539104,16075.432298587713,26705.185758775555,36289.62025771604,13776.75998300236,11798.281344872416,13856.504501426283
08/2011,28161.54889222615,14151.392817438787,14978.00577260626,23489.401299976136,32510.47037882846,12866.16438397939,10820.838993980418,12674.216983170641
09/2011,26465.995122402517,14642.061789567868,15287.28730661799,22839.00474467941,29657.29004688162,12591.810355087691,10577.780568932685,12295.21034989062
10/2011,28901.39911872733,14736.472971120493,15714.824645148075,24321.515417895676,32270.742588247715,13378.023744489295,11254.992701039584,13114.130028853246
11/2011,29450.760699771236,15231.573959792404,16387.477775511255,24451.055355124947,31362.948856527644,13713.950611028373,11455.398792995413,13281.779504909691
12/2011,30237.479321906667,16127.704302929458,17246.581850251332,25169.899639048246,32123.238235983885,14208.213660481151,11870.966356241657,13744.420566000546
01/2012,32391.292789769926,15983.401772401863,17172.238986515644,26329.005024539943,35098.00508605347,14603.305534005727,12240.468612433815,14272.597210827866
02/2012,33252.895473951365,16015.090226441978,17585.93626106218,27174.462545421437,36567.02002703096,15059.305333720526,12581.367716664608,14695.070164836105
03/2012,33601.26757763784,16351.537294442338,18262.730815334726,27333.62916829055,35574.95013253249,15267.94641785214,12824.030093003023,14892.24370329012
04/2012,33359.70070001793,16660.879141546222,18620.62647963524,26588.013542148026,35493.411717833915,15410.17129386316,12812.508314311823,14876.344361494012
05/2012,32064.849985764162,16948.641384790273,18927.03746528629,25138.940038374636,33665.64136221888,15014.593453279807,12469.803479376327,14433.797656049133
06/2012,33103.444886611265,17395.47652884529,19410.796881614864,26318.06617904132,34407.043586753105,15478.166413807436,12908.476192518361,14919.053132926365
07/2012,33404.579867464025,18220.4752352137,20267.619165578613,26689.660275373815,35860.30876617368,16172.613462735524,13397.958864185526,15492.3258166023
08/2012,33998.07641597992,17859.921575058263,20004.394543675597,26808.022697563047,34911.39865394142,16084.692860692801,13379.174437331001,15424.937975745655
09/2012,34629.02484179084,17706.13396758316,19942.939950273278,26895.69812274108,36105.59859528024,16051.568316828145,13405.36711034872,15512.349690937066
10/2012,34572.715303913734,17457.774530222865,19414.074573476068,26954.332898077348,35672.198760785104,15833.838345368966,13247.985011255281,15329.74775743205
11/2012,34949.56198175247,17470.450997522687,19643.970003337436,27256.6517831387,36158.82248692687,16046.983146933415,13422.648651092872,15532.686831758017
12/2012,35993.16299980524,17039.18847776011,19247.546012305218,28137.88754863172,37320.456041799174,15941.74538748609,13457.257334369826,15627.810220335594
01/2013,37650.17807885368,17355.09808043815,19516.468266147844,29027.083766687076,36891.17466708092,16284.75551724054,13768.946082897852,15923.08536444863
02/2013,38987.48035102567,18357.030481152113,20449.346360898762,29524.97483814441,37695.812647577,16825.50024716076,14231.636512608695,16435.737263669904
03/2013,41268.088549854656,19771.864605091825,21825.186051575874,30782.259004659463,38070.68564177882,17670.43657055864,14931.149904654883,17167.400863182684
04/2013,41144.15473439631,19939.93762708678,22035.117364614904,31505.060554782845,37625.57327553417,17762.50012439757,15084.278291205179,17300.392246050567
05/2013,43019.89614731276,19081.28158420923,21856.798836987644,32250.40035410331,36930.48174948079,17877.6541972434,15164.03682493139,17345.782499841054
06/2013,41764.68302933242,18870.426233841303,21832.733074657,31065.05906529714,34267.47758166996,17231.40372905612,14704.184300262674,16740.225098572388
07/2013,44414.02537633337,19180.121186198245,22220.360775087825,32607.397886326722,34091.5710940355,17853.68535819624,15248.483007273606,17285.436324812043
08/2013,43613.019109664136,18707.065480853675,21633.240838924816,32125.727963684927,33533.746461744275,17546.030158048252,14966.483402890959,16969.511157226454
09/2013,45647.775888244076,18927.037891217955,22489.30684807712,33235.771289147146,34994.1488509089,18034.6838284161,15398.318668273001,17484.545614886203
10/2013,47159.97708249061,19408.79139756074,22916.35528203969,34299.67550538895,36272.00407625488,18532.989869468052,15838.966580536116,17999.14432810408
11/2013,48621.6571090394,19441.625987331776,23468.9160818749,35262.06851741945,35802.49432161297,18973.84117551183,16153.340973893704,18295.08065984144
12/2013,49167.520863692276,19277.404368213884,23816.72616523803,35425.200243926745,34857.76942207783,19145.745700815387,16277.153539890627,18360.551304585675
01/2014,48939.936560244976,19126.221503902645,23626.083744775482,35095.17436401247,33417.889622701754,18589.444472008134,15990.47422978265,17986.531037124972
02/2014,50931.73248858498,19449.243077403113,24435.761318532863,35988.74675611848,33813.828016702064,19203.012985732246,16427.278158017645,18446.16262066941
03/2014,51368.20522041791,19684.047087811876,23780.708971048396,36348.793388335434,34869.560553694166,19304.550312883846,16478.14293838438,18561.595941789834
04/2014,50532.24332018114,19886.087638469347,23396.583135088007,36607.66644564604,34826.607634021864,19571.380915045567,16569.72508003496,18650.239924931866
05/2014,51774.41407924598,20534.09318240994,24663.187628559866,37877.1908916972,36658.10916370493,20205.824384296295,17194.702796200807,19385.44884360985
06/2014,52947.615644893085,20788.704300312555,25087.56473940563,38619.748088767374,37445.78101178922,20381.844219011276,17434.079244139895,19672.330009353904
07/2014,51422.86052237527,20979.855773212592,25088.347521341053,39112.06339543151,38899.30629766244,20585.34076464967,17510.700333137593,19837.826722387294
08/2014,53799.745809576416,21911.51202538303,26246.573632888525,39856.98120738959,40352.891777230056,21547.79522158114,18152.825822849285,20566.9526207128
09/2014,52903.43756601113,22420.550042891144,26952.707994298744,40629.46799359973,39317.51403928262,21951.51884992482,18506.226347430835,20855.689576795892
10/2014,54005.17030648168,23198.32006184301,27304.729708966956,40246.03536745516,39810.28715263476,22497.81342228047,18710.60467930304,21089.6057124306
11/2014,54420.6552322538,23746.638828302795,28256.286014177,41180.96723155516,39488.21916511762,22850.849995943994,19145.147166752147,21502.955202996673
12/2014,56165.12287585354,24314.388938462096,28754.54726787532,41739.72666200545,38816.79197083333,23142.08493818358,19363.842813143077,21675.234334352896
01/2015,58363.397479614956,26483.682432498965,30818.222176714524,43880.08947290973,41977.632492996876,24665.946097511478,20415.75043418198,22921.459273759956
02/2015,62981.66687854685,27418.841686624226,32595.327140445625,47053.484860167715,43474.422603214116,26072.690422925207,21733.458668850068,24321.657867949103
03/2015,65650.21394379502,28463.72590686923,33746.281924962655,48508.708113771274,44842.665940690065,26807.653223154193,22346.055450685555,25016.54147104733
04/2015,63471.273156521725,27585.896764159355,32471.149860254565,47994.12272879368,46399.95068393545,26310.933961167193,21936.506908930623,24713.51424520919
05/2015,65476.48050918149,28061.357367926827,33835.323196126636,49650.36008114393,45810.647771361895,27032.32622422887,22500.0275701785,25231.976489088614
06/2015,63151.90720227963,26903.728792314054,32628.4746489997,47329.87501004599,43613.94504159558,25866.119746952994,21542.95152164126,24142.482292561253
07/2015,63563.66719666982,28324.63900117034,34335.10536611174,48473.68064857598,41353.571537004245,27011.547339308196,22369.969082706768,24812.182523066072
08/2015,59333.87900944635,26486.875461289597,31348.835338841003,44013.77827176996,36741.10106923682,24672.08636600873,20423.98048890597,22587.412920368428
09/2015,56477.71405043578,26175.342446920728,30225.514204048606,41704.3082989471,35818.72724222812,24175.62274058275,19688.317880245108,21800.02933809923
10/2015,60769.36190029803,28194.452355160625,32856.792868148914,45869.40981698412,38954.24287498634,26642.57051204632,21603.96177942453,23898.295478935623
11/2015,63725.402614623716,29048.910895665504,34258.14707447449,46900.35099767691,39052.74015108721,27661.447582019682,22382.879303008824,24674.5950238827
12/2015,59132.306085577875,28430.33821306169,33287.16999752845,44910.17256988216,37219.694053994215,26408.772013159985,21363.62223552268,23546.832906551415
01/2016,54208.65088030643,27865.19864706504,31755.727396808015,40981.918034855065,34620.11925568125,25015.96137254351,20021.29924577004,22047.546689726372
02/2016,55108.83700049321,28527.814073547237,31430.312023771057,40599.943007290465,34650.322323104985,25101.371371422643,19927.36038217705,21958.706521490323
03/2016,57886.43372923641,28811.699802984545,31705.37843524081,41237.54646336468,37366.86954385894,25581.358883996607,20347.34941980587,22572.104827147457
04/2016,59749.60362025649,29051.22349461718,31705.2942661795,42530.675561677104,37553.43248897067,25648.48904786014,20633.300100663484,22863.650812995827
05/2016,60948.30832664737,29639.95239359087,33062.000614004646,43350.2242452134,36964.93913592776,26401.289552974802,21208.94857297119,23377.46856131959
06/2016,58971.78609322114,31028.934177064893,34121.962140013864,41836.754423499035,38540.14299357671,26405.227321507275,21065.987673602973,23358.212966683514
07/2016,62107.37711216038,31588.650841536863,35023.26844666346,44150.80382103235,40393.121422103526,27222.26968096253,21930.74833179804,24337.60928711528
08/2016,62709.03567135485,30613.697726634407,33994.013030393646,44906.609445428665,41284.102119237476,27051.921402191183,21907.857262141868,24382.956180099703
09/2016,63094.46824264257,30565.733690102228,34139.51790464826,44904.83265440026,41701.71378746058,27038.63734338914,21963.353416879894,24468.456054737362
10/2016,62002.200862074475,30107.195367904747,33760.49775451054,45931.60046783923,42515.60910019714,26739.976608787118,21957.689158323337,24524.67012687136
11/2016,69058.06145831381,30514.671770501976,34896.04937425928,48123.828754862225,41734.522033368754,27877.596699010992,22921.104775637894,25400.058677073583
12/2016,72267.46744163363,31463.557729872613,35730.89756771409,50033.06774036243,42171.94546454674,28567.850185002295,23675.039855789615,26167.222558297628
01/2017,71815.91033796612,31389.810475624345,36266.255850771595,50157.4906795923,43545.011595265016,28408.700384680466,23760.044852364947,26350.39662732048
02/2017,73552.0336960782,32897.82376520235,37673.354473204694,51892.788424099555,45665.10382013942,29871.82787780636,24779.360177935898,27499.243005139633
03/2017,73126.26679703659,32725.848536952548,38127.20128616744,51629.06321817958,46405.68249429037,29993.900521463947,24818.98682053733,27591.97270718857
04/2017,72775.37669061622,32332.30847131009,37988.6633040296,50871.72984968225,46313.24751524542,29805.50355887193,24631.601602214512,27402.48880175964
05/2017,70331.39873056738,32403.879367467085,38558.22060182483,49978.60686968536,46303.56407021115,29804.811019157154,24496.267936026215,27269.807797314108
06/2017,69807.4494567705,31665.13200529366,37995.2626872344,49675.560804564804,45966.51490550314,29213.253165889102,24174.86837728037,26931.771707482378
07/2017,69402.42223564442,31393.696821553054,38110.551795109335,49763.64161836558,47249.87540161747,28868.172951000244,24084.498632265946,26937.373501333237
08/2017,67832.36536596771,31384.0703071606,38335.06441736216,49181.24406095226,47879.37025938226,28711.90699757273,23914.516515910305,26817.5855074426
09/2017,71663.61916821003,31486.053143957586,39370.42860657614,50892.719617502575,47785.86857211245,29380.12713363253,24486.624936318003,27368.661689498244
10/2017,72746.16537006511,32386.14896200963,41752.23947632427,52897.45451317553,50168.21673555786,30489.77464039467,25305.460004114328,28341.158451935487
11/2017,72895.84242954859,32694.70703224185,41764.548133246106,53293.91033428647,49466.349345351846,30813.627486622216,25389.16103191262,28371.521823520892
12/2017,73143.95890769338,32347.41432356873,41379.48859693336,53583.28446655319,50626.530767012446,30844.395336430778,25419.311554919917,28481.021863208134
01/2018,72445.65845748104,32072.234515124863,43040.98514633107,54306.82189554485,52633.62839570692,30909.414935784163,25760.40217516433,28954.58111982077
02/2018,69919.23775494535,31385.3265687897,43177.07140367377,53335.42621371484,51232.377077381854,30414.811704304124,25180.199355951674,28287.584221805217
03/2018,69335.83081028814,31070.479173518892,41396.2440544642,51663.8421546858,49873.91812025481,29798.31721295167,24413.25686884976,27439.898374297914
04/2018,71968.81510845156,31711.078897674975,42650.47328943106,53764.49494720798,50662.18607029949,30572.670343384245,25184.45658224666,28252.52654977122
05/2018,76020.29088613031,32787.882448796336,45277.55894297819,54129.27610108795,50545.83129389586,32077.16846297838,26161.23037354748,29205.04832860912
06/2018,76528.9244899116,33112.270665971046,45265.7639770911,53206.08310834776,48463.1852211433,31978.647484188667,26236.351483050526,29135.579484362177
07/2018,77545.743693494,33928.07294624228,45955.18345733108,54292.01410525662,49136.4021245117,32830.85968493346,26871.613891698267,29806.612462433586
08/2018,79025.11175251246,34694.868135245095,48369.0346476198,54156.676035361386,48183.25607906272,33600.99485609146,27398.082721412975,30258.724659494605
09/2018,78136.14326809895,35329.18680956239,49143.55507239115,55460.99090403424,48075.93746411867,33958.538448082254,27724.571009144576,30572.397109695896
10/2018,72371.81064352565,34476.04317161495,45289.635200738245,52602.320464125485,44781.72705346958,32306.88264174071,26269.78663152245,28915.077698675326
11/2018,72132.95084226511,35332.79970767014,45761.18015747588,52604.20814905343,46517.86890291564,32351.924501874768,26467.931478437768,29229.41950429112
12/2018,63758.14962682899,33093.298127923714,42039.235215886,48184.325511967894,44972.45280696693,29890.735171258093,24256.589293928,26963.880515555025
01/2019,70827.18978997451,34675.516331066196,44565.5526450216,52164.09445637685,48571.14701095085,31983.63470057062,26053.37342521457,28981.36728776547
02/2019,73958.97326517399,35943.61432170972,46485.534735986905,52955.65679660619,49037.504072149284,33620.45355474091,27001.710394911413,29938.137970205462
03/2019,73401.16842753938,37271.38631036587,48443.06285525614,53462.686031292615,50244.15858428709,34863.3763513786,27792.58414804148,30797.703545701348
04/2019,76552.11978678002,37679.37750573312,50065.674544261376,54475.504750896725,51267.690434561955,36028.64858458654,28817.068832344972,31870.48756732939
05/2019,69651.1178169646,37535.04217074565,48529.37690324036,50314.37218055303,47954.63604555596,34130.92214313929,27312.64946187787,30158.66252468089
06/2019,72725.30977855841,38519.91570511239,50550.274469166216,52670.57160535993,49792.76073610116,35689.83286968187,28522.03093297357,31472.55346617281
07/2019,73658.57178701507,39481.33694008371,52097.133155394426,53556.05399476333,50171.494975620175,36586.64329438364,29247.194139633513,32205.83398912788
08/2019,70575.58185508131,40563.872495019605,52664.305126646905,51857.437805904665,48208.00645351721,36161.36300420341,28942.61587144327,31761.790222903106
09/2019,74720.46589243755,41511.43883813827,52932.118989270915,55050.370719048966,49787.56142449441,37302.59555803176,29952.757872095128,32862.560968773054
10/2019,75027.65510047818,40862.34361002122,52303.24104063697,55820.9530116713,50625.77551995371,37442.56521046541,29980.25013578295,32952.4811564977
11/2019,78445.72247368624,41723.109263474245,54494.286795348286,57755.36605453946,51314.6438095273,39275.554257086245,31292.838863072906,34280.014303570424
12/2019,80493.84864503719,41422.22025719494,54571.92230683938,58293.50437401173,53826.664584014245,39685.749272120054,31502.11329245137,34683.12997731805
01/2020,77246.31042810535,42917.81107705766,56919.059596330226,57185.196819678335,52192.65650478199,40152.13755475491,31820.726033834013,34859.28475140856
02/2020,69886.46717890707,39724.13410759513,53183.29896987724,52187.904847821905,49671.982073106294,37015.619126105645,29324.804213979707,32251.138808204618
03/2020,50732.17762077429,35835.612527948586,47829.358671831425,43725.511226245755,41702.89953938975,32948.75690558094,25487.762922090824,27913.380987493918
04/2020,58751.05415349902,38696.54926864423,53106.241212444234,47193.19238289501,46038.78971065273,36573.11354524315,28475.865198167576,31141.506185128794
05/2020,60366.57143240981,38819.28982735329,54839.76202644293,47453.40672176867,45372.12198422743,37388.673000824565,29149.774550148682,31737.714355478438
06/2020,62170.985190441104,38484.68558510282,57047.02280960881,47492.64676947891,48504.78274726722,37702.09361297725,29750.29476389985,32567.74557546484
07/2020,60497.95033158583,37779.60233682271,57503.9948669782,43994.78586544247,49946.87603740852,37070.046034263636,29458.399720170844,32401.962049093316
08/2020,63946.6416591999,38395.78773652679,61456.30104998106,46029.760019474495,50744.13573835792,39334.206154720465,31179.583829292023,34125.10166000687
09/2020,62026.71855241926,38502.29795726549,60642.91358423244,45416.954728225544,50910.01996263753,38885.627836759246,30695.243111744156,33671.49340425381
10/2020,63048.435321494864,37287.20297511326,58528.614191790795,43872.951874680584,51864.71881129989,37696.51593615756,29773.984513470932,32859.929453072604
11/2020,75188.99417840804,38947.05120284388,62780.29560318006,50068.72790638455,55555.37007482732,41129.50148493344,32785.501704797585,36058.90160023872
12/2020,79344.41511318373,38795.27531209174,63920.923798740994,51119.31517905288,58237.657653102535,41650.39924675085,33359.58127632881,36823.44790538447
01/2021,83750.79426921446,38459.558819204896,65150.02116944263,52328.57402325227,60495.96471683649,41219.786864827336,33389.875139415904,37028.6620402412
02/2021,91152.24152001448,37869.76588862002,64801.40516476293,55578.28416638559,61352.745110924836,42236.652327841795,34282.28238632745,37959.12136180511
03/2021,99599.37990715238,41069.81301158917,67143.08665983529,60698.14860555444,62662.342439845524,45421.40736821256,36613.584422462096,40317.50070099985
04/2021,100421.83476280145,41027.496473749154,69573.49674659128,59484.12448180822,62550.40699683943,46288.63823213361,37179.2722249466,40856.28992314937
05/2021,103401.8832432361,41329.31830355733,68156.15850605612,60776.45496368095,63380.13142834149,46672.77874457234,37340.81614552359,41077.267257846644
06/2021,103656.42782669906,42842.75218461313,70756.07062355497,61403.18372318385,65337.38950879615,48910.37710557618,38902.044002305105,42740.76591456458
07/2021,102476.43279002131,43958.10517890549,71863.71334402791,60985.492017447,61314.0466528633,50369.99919017907,39569.09757526322,43073.0134938426
08/2021,105515.11279585781,44951.48044705519,74491.27698039626,61933.67668292433,63101.0190588041,51854.24976787433,40742.645047513804,44348.02800762238
09/2021,104952.8124204293,43850.17799298773,73290.82665734818,62374.73643934964,62074.67502679093,49767.15694935827,39904.20234545279,43456.59201972882
10/2021,108126.18899785841,44936.061302586364,78343.72883485965,62391.00608104857,62260.16229234595,53053.9078040501,41918.77402495605,45420.86604975608
11/2021,106214.2157863353,45116.3273539927,77812.37417549994,61810.82497063354,61285.64858487964,53391.72427497968,42010.741007003344,45433.97495072962
12/2021,112249.0498626084,47883.25068067545,79199.26353587549,66320.5755680658,62808.15908699239,55530.68903566117,43942.39018946359,47407.78331624201
01/2022,109328.37714217539,45914.42121141325,74169.70692361057,67297.11558365061,62344.40214280696,52511.09058067391,42244.22104624892,45750.36797902838
02/2022,109382.58008205981,44922.48609225372,72274.65060484169,66022.17996575493,60276.89361170759,50654.47183609197,41010.67048971372,44392.460693238674
03/2022,110864.51071276577,47377.37919530705,76142.22324683177,66772.52600968047,59794.91525766084,52739.329856133074,42501.288374696356,45768.21389252825
04/2022,109447.67946476351,47463.621003939734,71083.68932156869,66170.53116077604,59509.67467715563,51197.680042730135,41037.717109966085,44349.948019657226
05/2022,109961.42925982093,46347.22527131112,69808.46683230362,67480.27936267923,58639.61023827731,49880.05130060203,40398.75559663388,43664.44172051807
06/2022,100125.85569772428,45699.77956133548,66587.2268307182,62625.193169891485,56148.64117767265,47042.80144425351,38050.70265131297,41208.18341718707
07/2022,110726.03911054369,48199.798979993924,70777.24492328103,65654.25645270383,57254.64430633353,51651.93566264704,41826.63080713931,44900.15097242942
08/2022,108445.21786228377,47686.72022146905,70317.44567572624,64429.63748938208,58777.1450214104,50103.09104682695,40864.52143262456,44119.94945522144
09/2022,99178.65921627692,45538.01805875682,66828.99111919834,59655.83984739014,53352.005312023284,46692.824671545284,38017.15617894831,40927.4634694414
10/2022,108768.91389862003,47356.99240616516,72240.02480077132,63421.815681587,51032.183306120285,49040.45277487438,40058.668418443,42664.008700854945
11/2022,110737.85630630169,47990.42613300967,72684.65403579683,66158.1731848203,55624.667482918914,50812.99657665497,40929.62672031392,43901.46074611
12/2022,103526.34718624764,45729.347987063185,68963.38722005405,63301.37927560281,53369.97867953882,47523.65425146675,38119.04916730555,41035.02950811972
01/2023,113669.01277827342,45848.06170000901,68615.73199622877,66722.88889127123,56552.774698048364,49622.76797552526,40180.63394358632,43282.39034404488
02/2023,114625.38866383552,45087.40954021751,67723.47754955747,66888.1768529475,54213.233090253285,49322.694613570784,39998.3321759961,42888.74011750902
03/2023,105549.89096421015,45756.59814425326,66695.755531085,65483.681797638674,54383.89544940396,50039.35155804501,40256.938393326585,43149.00064920657
04/2023,104885.77315093332,46512.84002534284,67940.1263096797,65528.84187658697,53367.79057904257,50522.28579578898,40560.498277341074,43339.29480349089
05/2023,102896.6736536816,45895.06445423311,66433.0641770921,65592.52908026171,54131.28091812628,51527.566945963015,41268.93751930633,44080.29699169536
06/2023,109412.24045769729,46488.769929235146,69510.15301812852,68714.61120503779,55284.91748949799,53619.60136942995,43020.84718108459,45843.17657589885
07/2023,114986.27846468684,46418.33056833778,70168.73916264008,70427.84115733457,57904.57891973928,54589.27838350292,43825.54065965933,46850.829423531
08/2023,112003.55681871565,46357.38643900856,70244.33883582163,69550.43775053229,55492.01280761722,54647.83354540484,43381.543968546735,46203.25046614207
09/2023,109120.17034479855,46250.73164964302,69087.61351698195,70168.32105788251,55475.22795833728,53377.81833849165,42576.508349288524,45441.79138462925
10/2023,102603.61200139142,45480.36698372529,67676.04631282405,66615.31588994208,53111.39614239682,52431.09190859027,41236.692325689466,43953.26829319885
11/2023,109467.53920056498,46569.23584210753,71846.49168339507,69868.46835867764,55835.531697222104,55451.5548355748,43808.494165091346,46638.78122873888
12/2023,120557.50362923376,47274.28837347071,74205.46753384822,72719.87884393199,57425.12630470211,57548.99880163571,45456.99203816555,48342.51414295586
01/2024,118190.11313039286,49246.54586415323,79874.99396215985,74468.29240796372,56068.99573289155,59627.74255696137,46899.09397995688,49557.62070320941
02/2024,120438.73717427792,49731.899012338596,87161.55606173072,75441.8824878596,58622.99883857966,62908.91752914095,48929.36172540686,51715.683067011385
03/2024,126300.97667552554,51003.04506052851,91046.53193660063,79359.5883274481,59940.37645805817,64816.25212441595,50563.61414673526,53378.784515805135
04/2024,121122.69379256727,49600.22720020867,88078.97634688008,76885.96906460488,60857.19230636165,62836.64875162032,49099.45769800724,52098.981572512756
05/2024,126450.5420425707,50082.25554275637,91896.60935633112,78626.7261026456,60444.37225039223,65405.03235789705,50650.31722527509,53510.53040221129
06/2024,123516.48676563654,51006.826651356874,96489.5476446869,77823.08561563537,63613.41860019911,67758.92494567434,52382.17790540628,55450.677785893145
07/2024,132830.31863562678,52839.56295742702,94253.72981878169,80228.14204685102,63036.20041021087,67323.7750715235,52691.03123458682,55682.17076185835
08/2024,129540.9411355085,54157.313680805535,94263.77603442153,78896.47369141651,62562.86463059173,68204.77095238863,52811.46614606574,55747.555957014934
09/2024,130420.22167990264,53691.22100300865,94956.12024864658,78934.35692057485,65806.60709645366,68036.9806759912,53246.28100700594,56480.04896559629
10/2024,129986.24938260499,53930.73199639438,96530.47034800438,78599.27261630492,64717.960559406114,68161.03751781085,53687.11062425408,56783.92151785925
11/2024,142774.94759696143,57520.53522564026,103529.96897890433,82067.71139165724,64406.072282621506,72768.9184093806,57842.892525112526,60646.01704072782
12/2024,136414.61797503784,55582.60070642189,102473.6681292569,81085.97345974065,65293.99593529981,71288.71985968808,57263.941740909075,60212.1809526912
01/2025,141734.34685042774,57578.94972835306,107330.00756609866,84384.30544823567,65990.07398675481,73466.13533368724,59252.34703673872,62125.427396532825
02/2025,138776.89776346486,59393.788748436404,107434.1415842998,86509.41489993536,65896.66841420654,73160.845987514,58714.31442998116,61618.45963375772
03/2025,129510.48839833244,57559.94954856404,97501.8301415895,83089.73574339728,63757.38601600526,67130.16154763827,53994.878396534354,57022.36554175963
04/2025,122446.60991325814,55258.5961811701,95757.37175520248,79731.37098939842,61534.69030142599,63952.130908986095,51793.0095167192,54739.668678867194
05/2025,130196.79163293398,56010.54703097155,102937.07791527793,83456.1769046643,64659.825927109094,66950.63983772059,55014.595418448254,58065.17365638133
06/2025,132035.81194064076,54328.62431287876,103198.02623939753,83792.90404460017,66282.21658886092,66914.82451369158,55513.850667375,58709.13032829647
07/2025,136253.55648539122,54427.91540992328,104808.94429771975,85180.72481014088,69052.85662030173,68415.70854905533,57565.23317179825,60914.89619677749
08/2025,141034.9612346489,54807.58364421179,104703.28447128035,88848.38043913271,68788.5598945141,68931.1024573113,57983.12748130995,61270.60054098805